`;repo-article;article;software;article-software-link;software-article-link
https://github.com/3D-e-Chem/knime-python-node-archetype;['KNIME Python node archetype'];;;FALSE;FALSE
https://github.com/524D/mzrecal;['mzRecal'];;;FALSE;FALSE
https://github.com/acli/new_clock;['chimer: A Chiming Clock in Perl'];;[];FALSE;FALSE
https://github.com/actions-marketplace-validations/citation-file-format_cffconvert-github-action;['cffconvert GitHub Action', 'cffconvert GitHub Action', 'cffconvert GitHub Action', 'cffconvert GitHub Action', 'cffconvert GitHub Action', 'cffconvert GitHub Action'];;;FALSE;FALSE
https://github.com/actions-marketplace-validations/dieghernan_cff-validator;['cff-validator', 'Book Title', 'cff-validator'];;[];FALSE;FALSE
https://github.com/actions-marketplace-validations/zenodraft_action;['Zenodraft GitHub Action', 'testing dates'];;;FALSE;FALSE
https://github.com/acts-project/acts;['A Common Tracking Software Project'];Q115143200;;FALSE;FALSE
https://github.com/adapter-hub/adapter-transformers;['AdapterHub: A Framework for Adapting Transformers'];;;FALSE;FALSE
https://github.com/adaptivenetworklab/Riset_CloudNative_2-6_21-22;['PostApp'];;[];FALSE;FALSE
https://github.com/agilescientific/community;[];;;FALSE;FALSE
https://github.com/AI4S2S/s2spy;['s2spy'];;;FALSE;FALSE
https://github.com/AI-READI/software-development-best-practices;[];;;FALSE;FALSE
https://github.com/alan-turing-institute/the-turing-way;['The Turing Way: A handbook for reproducible, ethical and collaborative research'];;;FALSE;FALSE
https://github.com/AlejandroSantorum/scikit-rmt;['scikit-rmt: Random Matrix Theory python package'];;;FALSE;FALSE
https://github.com/algo7/TripAdvisor-Review-Scraper;['TripAdvisor-Review-Scraper'];;;FALSE;FALSE
https://github.com/ali-nobariasl/OnlineFood;['GDAL'];;['Q580605', 'Q107380759'];FALSE;FALSE
https://github.com/alpaka-group/llama;['LLAMA: The Low-Level Abstraction of Memory Access'];;;FALSE;FALSE
https://github.com/alpinelinux/aports;[];;;FALSE;FALSE
https://github.com/amassivek/signalpropagation;['Signal Propagation: The Library for Forward Learning in Neural Networks'];;;FALSE;FALSE
https://github.com/AMICI-dev/AMICI;['AMICI: High-Performance Sensitivity Analysis for Large Ordinary Differential Equation Models'];Q115279206;;FALSE;FALSE
https://github.com/amish-mishra/ML-Del-Rips-sleep-wake-classification;[' ML_Del-Rips_sleep_wake_classification'];;;FALSE;FALSE
https://github.com/ananzeng/T-Brain-Machine-Learning-Competition-Traditional-Chinese-Scene-Character-Recognition-Contest-Advance;['OpenMMLab Text Detection, Recognition and Understanding Toolbox'];;;FALSE;FALSE
https://github.com/andthum/mdtools;['MDTools'];;;FALSE;FALSE
https://github.com/anhtv26062000/namecard_extraction_api;['OpenMMLab Text Detection, Recognition and Understanding Toolbox'];;;FALSE;FALSE
https://github.com/aoertel/ultrametric-matrix-tools;['Ultrametric matrix tools'];;;FALSE;FALSE
https://github.com/AP6YC/AdaptiveResonance.jl;['AdaptiveResonance.jl: A Julia Implementation of Adaptive Resonance Theory (ART) Algorithms'];;;FALSE;FALSE
https://github.com/ardc-fair-checklist/ssg;['ARDC FAIR checklist'];;;FALSE;FALSE
https://github.com/ARGOeu/argo-accounting;['Accounting Service'];;;FALSE;FALSE
https://github.com/astropy/specreduce;['Specreduce'];;;FALSE;FALSE
https://github.com/au-research/datacite-api-notebook;['ARDC DataCite API Jupyter notebook'];;;FALSE;FALSE
https://github.com/automl/auto-sklearn;['Efficient and Robust Automated Machine Learning'];Q28374293;Q120703207;TRUE;TRUE
https://github.com/automl/SMAC3;['SMAC3: A Versatile Bayesian Optimization Package for Hyperparameter Optimization'];Q40629425;;FALSE;FALSE
https://github.com/balanikas/github-repository-analysis;[];;;FALSE;FALSE
https://github.com/BAMWelDX/weldx;['weldx'];;;FALSE;FALSE
https://github.com/betterscientificsoftware/bssw.io;[];;;FALSE;FALSE
https://github.com/bgoonz/docs-collection;[];;;FALSE;FALSE
https://github.com/biaslab/ForneyLab.jl;['A factor graph approach to automated design of Bayesian signal processing algorithms'];;;FALSE;FALSE
https://github.com/bids-standard/bids-matlab;['bids-matlab'];;;FALSE;FALSE
https://github.com/bigdatagenomics/adam;[];;;FALSE;FALSE
https://github.com/BismillahTraders/fuzzy-lamp;[];;;FALSE;FALSE
https://github.com/bkuhlmann/gemsmith;['Gemsmith'];;;FALSE;FALSE
https://github.com/blacklanternsecurity/bls-bible;[];;;FALSE;FALSE
https://github.com/bmwiedemann/openSUSE;[];;;FALSE;FALSE
https://github.com/bookreach/bookreach-ui-ce;['BookReach-UI: A Book-Curation Interface for School Librarians to Support Inquiry Learning'];;;FALSE;FALSE
https://github.com/boschresearch/assets2036go;['assets2036go'];;;FALSE;FALSE
https://github.com/BraianAzcune/proyecto-final-red-neuronal;['Proyecto final Estudio y comparación de diferentes redes neuronales usadas para la clasificación de imágenes'];;;FALSE;FALSE
https://github.com/brainhackorg/brainhack_jupyter_book;['brainhack - A Jupyter Book'];;;FALSE;FALSE
https://github.com/briandfoy/test-file;['The Test::File Perl module'];;;FALSE;FALSE
https://github.com/briandfoy/tie-boundedinteger;['The Tie::BoundedInteger Perl module'];;;FALSE;FALSE
https://github.com/BRL-CAD/brlcad;['GDAL', 'PROJ'];;['Q580605', 'Q107380759', 'Q7120392', 'Q86919275', 'Q4582485'];FALSE;FALSE
https://github.com/bvhpatel/DOPE;['test', 'test'];;;FALSE;FALSE
https://github.com/caltechlibrary/codemeta2cff;['codemeta2cff'];;;FALSE;FALSE
https://github.com/caltechlibrary/datatools;['datatools'];;;FALSE;FALSE
https://github.com/caltechlibrary/eprint_sql_reporting;['eprint_sql_reporting'];;;FALSE;FALSE
https://github.com/caltechlibrary/foliage;['Foliage'];;;FALSE;FALSE
https://github.com/caltechlibrary/iga;['InvenioRDM GitHub Archiver (IGA)', 'TensorFlow, Large-scale machine learning on heterogeneous systems', 'PySD: System Dynamics Modeling in Python', 'OpenMMLab Text Detection, Recognition and Understanding Toolbox', 'mctq: tools to process the Munich ChronoType Questionnaire (MCTQ)', 'MEG and EEG Data Analysis with MNE-Python', 'FAIRshare docs', 'SODA (Software to Organize Data Automatically) for SPARC', 'Reproducible Summary Tables with the gtsummary Package', 'Global-Chem: A Chemical Knowledge Graph of common small molecules and their IUPAC/SMILES/SMARTS for selection of compounds relevant to diverse chemical communities', 'o2r-meta', 'Signposting link parser library', 'FREYA PID Graph Jupyter Notebooks', 'eprinttools', 'Handprint: Run handwritten text recognition services on images of documents'];;[];FALSE;FALSE
https://github.com/caltechlibrary/pairtree;['pairtree'];;;FALSE;FALSE
https://github.com/caltechlibrary/simplified;['simplified'];;[];FALSE;FALSE
https://github.com/caltechlibrary/springytools;['springytools'];;;FALSE;FALSE
https://github.com/caltechlibrary/wsfn;['wsfn'];;;FALSE;FALSE
https://github.com/cambridgeltl/autopeft;['AdapterHub: A Framework for Adapting Transformers'];;;FALSE;FALSE
https://github.com/captn3m0/india-isin-data;['India ISIN Database, by Nemo'];;;FALSE;FALSE
https://github.com/castelao/CoTeDe;['A Framework to Quality Control Oceanographic Data'];Q113307633;;FALSE;FALSE
https://github.com/cct-datascience/rangeland-restore;['Pre-fire grazing and herbicide treatments can affect post-fire vegetation in a Great Basin rangeland'];;;FALSE;FALSE
https://github.com/cct-datascience/volcalc-isc-proposal;[];;;FALSE;FALSE
https://github.com/centre-for-humanities-computing/DDB_Tagger;['DDB Tagger'];;;FALSE;FALSE
https://github.com/CG-Lab-NUM/PhysicsSimulator;['JSON for Modern C++'];;;FALSE;FALSE
https://github.com/chalk-diagrams/chalk;[];;['Q95965284', 'Q65218746'];FALSE;FALSE
https://github.com/chemosim-lab/ProLIF;['ProLIF: a library to encode molecular interactions as fingerprints'];Q111150096;;FALSE;FALSE
https://github.com/ChFrenkel/eprop-PyTorch;['PyTorch e-prop implementation'];;;FALSE;FALSE
https://github.com/citation-file-format/cffconvert-github-action;['cffconvert GitHub Action', 'cffconvert GitHub Action', 'cffconvert GitHub Action', 'cffconvert GitHub Action', 'cffconvert GitHub Action', 'cffconvert GitHub Action'];;;FALSE;FALSE
https://github.com/citation-file-format/cff-initializer-javascript;['cffinit'];;;FALSE;FALSE
https://github.com/citation-file-format/cff-initializer-javascript-v1;['cffinit'];;;FALSE;FALSE
https://github.com/citation-file-format/citation-file-format;['Citation File Format', 'My Research Tool', 'My Research Tool', 'My Research Tool', 'Citation File Format 1.0.0', 'My Research Tool', 'My Research Tool', 'My Research Tool', 'My Research Tool', 'My Research Tool', 'My Research Tool Prototype', 'My Research Tool', 'My Research Tool Kickstarter', 'Opaquity', 'My Research Tool', 'My Research Tool', 'My Research Tool', 'mrt-iain-m-banks', 'BSO Toolbox', 'My Research Tool', 'ls1 mardyn', 'ls1 mardyn', 'Ruby CFF Library', 'My Research Software', 'My Research Tool', 'my preferred citation', 'My Research Tool', 'My Research Tool', 'Book Title', 'bsym', 'BSO Toolbox', 'My Research Tool', 'My Research Tool', 'Cloud related adaptors for Xenon', 'My Research Tool', 'My Research Tool', 'My Research Tool Prototype', 'HaploWinder', 'My Research Tool', 'My Research Tool Kickstarter', 'Opaquity', 'ls1 mardyn', 'My Research Tool', 'My Research Tool', 'My Research Tool', 'mrt-iain-m-banks', 'Ruby CFF Library', 'ANNIS', 'My Research Tool', 'My Research Tool', 'My Research Tool', 'My Research Tool', 'Citation File Format 1.0.0', 'My Research Tool', 'My Research Tool', 'My Research Tool', 'My Research Tool', 'My Research Tool', 'My Research Tool', 'My Research Tool Prototype', 'My Research Tool', 'My Research Tool', 'My Research Tool', 'My Research Tool Kickstarter', 'Opaquity', 'My Research Tool', 'My Research Tool', 'My Research Tool', 'mrt-iain-m-banks'];;[];FALSE;FALSE
https://github.com/citation-file-format/pycff;[];;;FALSE;FALSE
https://github.com/citation-file-format/ruby-cff;['Ruby CFF Library', 'Ruby CFF Library'];;;FALSE;FALSE
https://github.com/citation-js/isaac-chrome-extension;['ISAAC Chrome Extension'];;;FALSE;FALSE
https://github.com/CLARIAH/grlc;['grlc: the git repository linked data API constructor'];Q111901213;Q56816547;TRUE;TRUE
https://github.com/cloudflare/zkp-ecdsa;['ZKAttest: Ring and Group Signatures for Existing ECDSA Keys'];;;FALSE;FALSE
https://github.com/coderefinery/coderefinery.org;[];;;FALSE;FALSE
https://github.com/common-workflow-language/user_guide;[];;[];FALSE;FALSE
https://github.com/CoppeliaRobotics/simRuckig;['Jerk-limited Real-time Trajectory Generation with Arbitrary Target States'];;;FALSE;FALSE
https://github.com/cran/citation;[];;['Q1403556', 'Q60565843'];FALSE;FALSE
https://github.com/cran/handlr;['My Research Software'];;;FALSE;FALSE
https://github.com/CryoInTheCloud/CryoCloudWebsite;['CryoCloud Website'];;;FALSE;FALSE
https://github.com/cryptimeleon/incentive-system;['Incentimeleon'];;[];FALSE;FALSE
https://github.com/CS180-spring/cs180-22-untouchables;[];;;FALSE;FALSE
https://github.com/CSC510-Group-5/URL-Shortner;['URL-Shortner'];;;FALSE;FALSE
https://github.com/csdms/bmi-geotiff;['CSDMS GeoTIFF data component'];;;FALSE;FALSE
https://github.com/csdms/bmi-topography;['CSDMS Topography data component'];;;FALSE;FALSE
https://github.com/csdms/ivy;['CSDMS Ivy'];;;FALSE;FALSE
https://github.com/cvxgrp/scs;['Conic Optimization via Operator Splitting and Homogeneous Self-Dual Embedding'];;;FALSE;FALSE
https://github.com/cyyever/pytorch_private;['PyTorch: An Imperative Style, High-Performance Deep Learning Library'];;[];FALSE;FALSE
https://github.com/DanyaReFl/SearchEngine;['JSON for Modern C++'];;;FALSE;FALSE
https://github.com/davidbajnai/TARDIS;['TARDIS: TILDAS + Automated Remix & Dual Inlet System'];;['Q29043590'];FALSE;FALSE
https://github.com/davidsneighbour/kollitsch.dev;['kollitsch.dev'];;;FALSE;FALSE
https://github.com/dgarijo/Widoco;['WIDOCO: A wizard for documenting ontologies'];Q59517993;;FALSE;FALSE
https://github.com/dgmccart/intro-to-napari-workshop;[];;;FALSE;FALSE
https://github.com/dieghernan/cff-validator;['cff-validator', 'Book Title', 'cff-validator'];;[];FALSE;FALSE
https://github.com/digipres/digipres.github.io;[];;;FALSE;FALSE
https://github.com/Distancia-COVID/Distancia-Covid-Open-Data;['Distancia-Covid Contact Estimates for Spain'];;;FALSE;FALSE
https://github.com/dkoinash/search_engine;['JSON for Modern C++'];;['Q104075508'];FALSE;FALSE
https://github.com/DLR-RM/RAFCON;['RAFCON'];;;FALSE;FALSE
https://github.com/DLR-SC/prov2neo;['prov2neo'];;;FALSE;FALSE
https://github.com/dmyersturnbull/tyrannosaurus;['Tyrannosaurus'];;['Q7861437'];FALSE;FALSE
https://github.com/docuracy/Locolligo;['Locolligo: Historical Geodata Curator'];;;FALSE;FALSE
https://github.com/DragonFlyBSD/DPorts;[];;;FALSE;FALSE
https://github.com/DynaSlum/satsense;['Satsense'];;;FALSE;FALSE
https://github.com/earthobservations/phenodata;['phenodata'];;;FALSE;FALSE
https://github.com/EDG-Acoustics/edg-acoustics;['edg_acoustics'];;;FALSE;FALSE
https://github.com/ediarum/ediarum.BASE.edit;[];;;FALSE;FALSE
https://github.com/eEcoLiDAR/laserchicken;['Laserchicken: toolkit for ALS point clouds'];;;FALSE;FALSE
https://github.com/elhmn/waking-git;[];;;FALSE;FALSE
https://github.com/ElmerCSC/elmerfem;['ElmerFEM'];;;FALSE;FALSE
https://github.com/emerson-matos/tcc-latex;[];;;FALSE;FALSE
https://github.com/EPFL-ENAC/eira;['My Research Software'];;;FALSE;FALSE
https://github.com/EPFL-ENAC/enac-it4r-repo;['My Research Software'];;;FALSE;FALSE
https://github.com/EPFL-ENAC/tmp-demo-app;['My Research Software'];;;FALSE;FALSE
https://github.com/ericbrasiln/pyHDB;['pyHDB: Ferramenta heurística para a Hemeroteca Digital Brasileira'];;;FALSE;FALSE
https://github.com/eriktks/data-processing;['Data Processing (What Works When for Whom?)'];;[];FALSE;FALSE
https://github.com/eriktks/find-journalists;['Lysander'];;;FALSE;FALSE
https://github.com/ersilia-os/eos2b6f;[];;;FALSE;FALSE
https://github.com/ersilia-os/eos3b5e;[];;;FALSE;FALSE
https://github.com/ersilia-os/eos4e40;[];;;FALSE;FALSE
https://github.com/ersilia-os/eos6pbf;[];;;FALSE;FALSE
https://github.com/ersilia-os/eos85a3;[];;;FALSE;FALSE
https://github.com/ersilia-os/eos8a5g;[];;;FALSE;FALSE
https://github.com/ersilia-os/eos8a5g;[];;;FALSE;FALSE
https://github.com/ersilia-os/eos9be7;[];;;FALSE;FALSE
https://github.com/ersilia-os/ersilia;['Ersilia Model Hub: a repository of AI/ML models for neglected tropical diseases'];;;FALSE;FALSE
https://github.com/ESMValGroup/ESMValTool;['ESMValTool'];Q57894427;;FALSE;FALSE
https://github.com/ethanluoyc/magi;['Magi: Research Reinforcement Learning Library in JAX'];;;FALSE;FALSE
https://github.com/EthicalML/awesome-production-machine-learning;['Awesome Production Machine Learning'];;;FALSE;FALSE
https://github.com/EUREC4A-UK/lagtraj;['lagtraj'];;;FALSE;FALSE
https://github.com/euro-cordex/py-cordex;['py-cordex'];;;FALSE;FALSE
https://github.com/evildmp/diataxis-documentation-framework;['Diátaxis documentation framework'];;;FALSE;FALSE
https://github.com/extratone/idiot;[];;;FALSE;FALSE
https://github.com/fairdataihub/FAIRshare;['FAIRshare: FAIR data and software sharing made easy'];;;FALSE;FALSE
https://github.com/fairdataihub/FAIRshare-Docs;['FAIRshare docs'];;;FALSE;FALSE
https://github.com/fair-software/fair-software-recommendations;[];;;FALSE;FALSE
https://github.com/fair-workflows/fairworkflows;['fairworkflows: A python library for handling semantically described scientific workflows'];;;FALSE;FALSE
https://github.com/fair-workflows/NanopubJL;['fairworkflows: A python library for handling semantically described scientific workflows'];;;FALSE;FALSE
https://github.com/Fangyi-Chen/mmocr-unitail;['OpenMMLab Text Detection, Recognition and Understanding Toolbox'];;;FALSE;FALSE
https://github.com/fatiando/pooch;['Pooch: A friend to fetch your data files'];Q113307673;;FALSE;FALSE
https://github.com/fd00/yacp;[];;;FALSE;FALSE
https://github.com/firefly-cpp/AST-Monitor;['On Deploying the Artificial Sport Trainer into Practice'];;;FALSE;FALSE
https://github.com/FitzwilliamMuseum/walking-the-landscape-fitz-cdh;['Walking the Landscape, A Fitzwilliam Museum and CDH collaboration'];;;FALSE;FALSE
https://github.com/fkie-cad/ipal_evaluate;['SoK: Evaluations in Industrial Intrusion Detection Research'];;;FALSE;FALSE
https://github.com/flutter/engine;[];;;FALSE;FALSE
https://github.com/forrestlaine/TensorGames.jl;['TensorGames'];;;FALSE;FALSE
https://github.com/fraunhofer-iem/dodo-database-service;['Doing Optimal DevOps - Evidence-based Guidance to Your DevOps Journey'];;;FALSE;FALSE
https://github.com/freebsd/freebsd-ports-haskell;[];;;FALSE;FALSE
https://github.com/frenchy77/redesigned-robot;[];;;FALSE;FALSE
https://github.com/front-matter/commonmeta-py;['Ruby CFF Library'];;;FALSE;FALSE
https://github.com/front-matter/commonmeta-ruby;['commonmeta-ruby', 'Ruby CFF Library'];;;FALSE;FALSE
https://github.com/gagolews/genieclust;['genieclust: Fast and robust hierarchical clustering'];;;FALSE;FALSE
https://github.com/gammapy/gammapy;['Gammapy: Python toolbox for gamma-ray astronomy'];;;FALSE;FALSE
https://github.com/gammasim/simtools;['simtools - a prototype implementation of tools for the Simulation System of the CTA Observatory'];Q47791923;;FALSE;FALSE
https://github.com/gasparyanartur/crowd-disasters-simulation;['Crowd Disasters Simulation (CDS)'];;;FALSE;FALSE
https://github.com/GenericMappingTools/pygmt;['PyGMT: A Python interface for the Generic Mapping Tools'];;;FALSE;FALSE
https://github.com/GenomicsAotearoa/data-management-resources;['Journeying towards best practice: tips and tricks for improved data management for biodiversity genomics researchers', 'Journeying towards best practice: tips and tricks for improved data management for biodiversity genomics researchers'];;;FALSE;FALSE
https://github.com/giellalt/lang-ale;['Unmasking the Myth of Effortless Big Data - Making an Open Source Multi-lingual Infrastructure and Building Language Resources from Scratch'];;;FALSE;FALSE
https://github.com/giellalt/lang-ara;['Unmasking the Myth of Effortless Big Data - Making an Open Source Multi-lingual Infrastructure and Building Language Resources from Scratch'];;;FALSE;FALSE
https://github.com/giellalt/lang-dag;['Unmasking the Myth of Effortless Big Data - Making an Open Source Multi-lingual Infrastructure and Building Language Resources from Scratch'];;;FALSE;FALSE
https://github.com/giellalt/lang-fkv;['Unmasking the Myth of Effortless Big Data - Making an Open Source Multi-lingual Infrastructure and Building Language Resources from Scratch'];;;FALSE;FALSE
https://github.com/giellalt/lang-grn;['Unmasking the Myth of Effortless Big Data - Making an Open Source Multi-lingual Infrastructure and Building Language Resources from Scratch'];;;FALSE;FALSE
https://github.com/giellalt/lang-hun;['Unmasking the Myth of Effortless Big Data - Making an Open Source Multi-lingual Infrastructure and Building Language Resources from Scratch'];;;FALSE;FALSE
https://github.com/giellalt/lang-lav;['Unmasking the Myth of Effortless Big Data - Making an Open Source Multi-lingual Infrastructure and Building Language Resources from Scratch'];;;FALSE;FALSE
https://github.com/giellalt/lang-olo;['Unmasking the Myth of Effortless Big Data - Making an Open Source Multi-lingual Infrastructure and Building Language Resources from Scratch'];;;FALSE;FALSE
https://github.com/giellalt/lang-rmf;['Unmasking the Myth of Effortless Big Data - Making an Open Source Multi-lingual Infrastructure and Building Language Resources from Scratch'];;;FALSE;FALSE
https://github.com/giellalt/lang-sel;['Unmasking the Myth of Effortless Big Data - Making an Open Source Multi-lingual Infrastructure and Building Language Resources from Scratch'];;;FALSE;FALSE
https://github.com/giellalt/lang-tyv;['Unmasking the Myth of Effortless Big Data - Making an Open Source Multi-lingual Infrastructure and Building Language Resources from Scratch'];;;FALSE;FALSE
https://github.com/giellalt/lang-zul-x-exp;['Unmasking the Myth of Effortless Big Data - Making an Open Source Multi-lingual Infrastructure and Building Language Resources from Scratch'];;;FALSE;FALSE
https://github.com/github/docs;[];;;FALSE;FALSE
https://github.com/github-linguist/linguist;['Citation File Format'];;;FALSE;FALSE
https://github.com/gkbharathy/ML_Center_Netherlands;['mcfly: deep learning for time series'];;;FALSE;FALSE
https://github.com/glotzerlab/signac-flow;['signac-flow'];;;FALSE;FALSE
https://github.com/gnss-sdr/geniuss-place;['GNSS-SDR website'];;;FALSE;FALSE
https://github.com/go-gitea/gitea;[];;;FALSE;FALSE
https://github.com/google/nearby;[];;[];FALSE;FALSE
https://github.com/govertb/GPUGraphLayout;['Exploiting GPUs for Fast Force-Directed Visualization of Large-Scale Networks'];;;FALSE;FALSE
https://github.com/graphsense/graphsense-tagpacks;['GraphSense TagPacks'];;;FALSE;FALSE
https://github.com/greenelab/greenelab.com;['Lab Website Template'];;;FALSE;FALSE
https://github.com/greenelab/lab-website-template;['Lab Website Template'];;;FALSE;FALSE
https://github.com/Green-Software-Foundation/standards-wg;[];;;FALSE;FALSE
https://github.com/Gregor-Mendel-Institute/aradeepopsis;['ARADEEPOPSIS, an Automated Workflow for Top-View Plant Phenomics using Semantic Segmentation of Leaf States'];Q100512184;;FALSE;FALSE
https://github.com/gromacs/gromacs;['GROMACS 2023.2 source code'];Q27860944;Q905302;TRUE;FALSE
https://github.com/gromacs/gromacs;['GROMACS 2023.2 source code'];Q27860998;Q905302;TRUE;FALSE
https://github.com/gromacs/gromacs;['GROMACS 2023.2 source code'];Q29615867;Q905302;TRUE;FALSE
https://github.com/gromacs/gromacs;['GROMACS 2023.2 source code'];Q51756282;Q905302;TRUE;FALSE
https://github.com/gromacs/gromacs;['GROMACS 2023.2 source code'];Q57082068;Q905302;TRUE;FALSE
https://github.com/gromacs/gromacs;['GROMACS 2023.2 source code'];Q104439794;Q905302;TRUE;FALSE
https://github.com/gromacs/gromacs;['GROMACS 2023.2 source code'];Q34124849;Q905302;TRUE;FALSE
https://github.com/gschwefer/dl2_tools;['my_package'];;;FALSE;FALSE
https://github.com/gstamatelat/se;['An Exact, Linear Time Barabási-Albert Algorithm'];;;FALSE;FALSE
https://github.com/GUT-AI/automated-data-preprocessing;['Automated Data Preprocessing'];;;FALSE;FALSE
https://github.com/hat-open/aimm;['Architecture of an Artificial Intelligence Model Manager for Event-Driven Component-Based SCADA Systems'];;[];FALSE;FALSE
https://github.com/hexatomic/cff-maven-plugin;['CFF Maven Plugin', 'p2-dependency-test', 'cff-default-config-test', 'A very special test'];;;FALSE;FALSE
https://github.com/HITS-MCM/gromacs-ramd;['GROMACS 2022.5 source code'];;;FALSE;FALSE
https://github.com/hms-dbmi/viv;['Viv: multiscale visualization of high-resolution multiplexed bioimaging data on the web'];Q113438904;;FALSE;FALSE
https://github.com/holab-hku/DCATS;['DCTAS'];;;FALSE;FALSE
https://github.com/HSF/hsf.github.io;[];;;FALSE;FALSE
https://github.com/HTR-United/cremma-16-17-print;['CREMMA 16-18 Prints, a French and Latin dataset for HTR and segmentation of printed books'];;;FALSE;FALSE
https://github.com/HTR-United/HTRUC;['HTRUC, HTR-United Catalog tooling (pronunced EuchTruc)'];;;FALSE;FALSE
https://github.com/HTR-United/htr-united;['HTR-United: Ground Truth Resources for the HTR and OCR of patrimonial documents'];;;FALSE;FALSE
https://github.com/HTR-United/lectaurep-bronod;"[""Lectaurep-Bronod, ground truth for Maitre Bronod's documents (French XVIIIth century)""]";;;FALSE;FALSE
https://github.com/huggingface/blog;[];;;FALSE;FALSE
https://github.com/ICESAT-2HackWeek/website2022;['ICESat-2 Hackweek Website'];;;FALSE;FALSE
https://github.com/idaholab/repository-statistics;[];;;FALSE;FALSE
https://github.com/Ighina/CERTIFAI;['CERTIFAI: A Common Framework to Provide Explanations and Analyse the Fairness and Robustness of Black-box Models'];;;FALSE;FALSE
https://github.com/ImperialCollegeLondon/ReCoDE_MCMCFF;['Markov Chain Monte Carlo for fun and profit'];;;FALSE;FALSE
https://github.com/inab/genluhn;[];;;FALSE;FALSE
https://github.com/inab/pyrfc6920;[];;;FALSE;FALSE
https://github.com/inab/python-extended-json-schema-validator;[];;;FALSE;FALSE
https://github.com/inbo/protocolhelper;['protocolhelper: Helper Functions to Manage Protocols'];;;FALSE;FALSE
https://github.com/INCATools/ontology-development-kit;['The Ontology Development Kit: a toolkit for building, maintaining and standardizing biomedical ontologies'];Q118774144;;FALSE;FALSE
https://github.com/IndrajeetPatil/awesome-r-pkgtools;[];;;FALSE;FALSE
https://github.com/inducer/pyopencl;['PyOpenCL'];;;FALSE;FALSE
https://github.com/INET-Complexity/ESL;[];;;FALSE;FALSE
https://github.com/inQWIRE/SQIR;['SQIR'];;[];FALSE;FALSE
https://github.com/ioos/bio_mobilization_workshop;['Marine data mobilization workshop'];;;FALSE;FALSE
https://github.com/ISCB-Academy/integrating_knowledge_data;['Integrating gene expression and biological knowledge for drug discovery and repurposing'];;;FALSE;FALSE
https://github.com/ITC-CRIB/fairly;['Fairly'];;['Q5430562'];FALSE;FALSE
https://github.com/ITC-CRIB/jupyter-fairly;['Jupyter-fairly'];;;FALSE;FALSE
https://github.com/j3soon/orthanc;['Orthanc'];;;FALSE;FALSE
https://github.com/jackvandrunen/tsp;['tsp: A library for cognitive science research on the traveling salesperson problem'];;;FALSE;FALSE
https://github.com/janosh/pymatviz;['Pymatviz'];;;FALSE;FALSE
https://github.com/jeffreykegler/Marpa--R2;['Marpa--R2'];;;FALSE;FALSE
https://github.com/Jehops/freebsd-ports-legacy;[];;;FALSE;FALSE
https://github.com/jessebevil/ActionRogueLikeMine;[];;;FALSE;FALSE
https://github.com/joelparkerhenderson/github-special-files-and-paths;[];;;FALSE;FALSE
https://github.com/jquepi/check_ssl_cert888;['check_ssl_cert'];;;FALSE;FALSE
https://github.com/jspaaks/cff-hackday-blog;[];;;FALSE;FALSE
https://github.com/jupytercon/2020-sdruskat;[];;;FALSE;FALSE
https://github.com/ju-resplande/askD;['AskDocs: A medical QA dataset'];;;FALSE;FALSE
https://github.com/justinpinkney/awesome-pretrained-stylegan2;['Awesome pretrained StyleGAN2'];;;FALSE;FALSE
https://github.com/JustWhit3/my-scripts;['my-scripts'];;;FALSE;FALSE
https://github.com/jvparidon/lmerMultiMember;['lmerMultiMember: Multiple membership random effects'];;;FALSE;FALSE
https://github.com/JYU-IBA/jibal;['Jyväskylä Ion Beam Analysis Library (JIBAL)'];;;FALSE;FALSE
https://github.com/Kenneth-Mitchell/PhylOcto_NMNH;['PhylOcto_NMNH'];;;FALSE;FALSE
https://github.com/kimwonjin97/MPShooting;[];;;FALSE;FALSE
https://github.com/kit-data-manager/metastore2;['MetaStore'];;;FALSE;FALSE
https://github.com/kno10/python-kmedoids;['Fast k-medoids Clustering in Rust and Python'];Q113260252;;FALSE;FALSE
https://github.com/KnowledgeCaptureAndDiscovery/somef;['A Framework for Creating Knowledge Graphs of Scientific Software Metadata', 'WIDOCO: A wizard for documenting ontologies'];;;FALSE;FALSE
https://github.com/k-o-white/search-engine;['JSON for Modern C++'];;['Q104075508'];FALSE;FALSE
https://github.com/kratsg/itksn;['itksn: v0.1.0'];;;FALSE;FALSE
https://github.com/kravitsjacob/paxplot;['Paxplot'];;;FALSE;FALSE
https://github.com/landlab/landlab;['landlab'];;;FALSE;FALSE
https://github.com/lanl/waves;['waves'];;;FALSE;FALSE
https://github.com/lanl/Zotero-Robust-Links-Extension;['Zotero Robust Links Extension: Create Robust Links from within Zotero'];;;FALSE;FALSE
https://github.com/laserkelvin/astrochem_embedding;['Language models for astrochemistry'];;;FALSE;FALSE
https://github.com/leiza-rse/alligator;['alligator - Allen Transformer'];;;FALSE;FALSE
https://github.com/lewiuberg/confprint;['confprint'];;;FALSE;FALSE
https://github.com/libscie/datacheck;['datacheck'];;;FALSE;FALSE
https://github.com/LiquidFun/adventofcode;[];;;FALSE;FALSE
https://github.com/llv22/pytorch-macOS-cuda;['PyTorch: An Imperative Style, High-Performance Deep Learning Library'];;['Q119576453'];FALSE;FALSE
https://github.com/lmmentel/mendeleev;['mendeleev - A Python package with properties of chemical elements, ions, isotopes and methods to manipulate and visualize periodic table.'];;[];FALSE;FALSE
https://github.com/LogtalkDotOrg/logtalk.org;[];;;FALSE;FALSE
https://github.com/LorenFrankLab/spyglass;['spyglass'];;['Q7581752'];FALSE;FALSE
https://github.com/LorenzoBloedow/programming-colors;[];;;FALSE;FALSE
https://github.com/MaastrichtU-IDS/cookiecutter-python-package;[];;;FALSE;FALSE
https://github.com/MachineVisionUiB/PlatformGender;['The PlatformGender Dataset'];;;FALSE;FALSE
https://github.com/madureira/morpheus-engine;[];;;FALSE;FALSE
https://github.com/magpiemodel/magpie;['MAgPIE - An Open Source land-use modeling framework'];;;FALSE;FALSE
https://github.com/MaJerle/lwgps;['lwgps'];;;FALSE;FALSE
https://github.com/mamantoha/shards-info;[];;;FALSE;FALSE
https://github.com/ManimCommunity/manim;['Manim – Mathematical Animation Framework'];;;FALSE;FALSE
https://github.com/mapnik/mapnik;['mapnik'];;;FALSE;FALSE
https://github.com/mariolpantunes/knee;['(Multi)Knee/Elbow point detection library'];;[];FALSE;FALSE
https://github.com/materialsproject/crystaltoolkit;['Crystal Toolkit - A Web App Framework to Improve Usability and Accessibility of Materials Science Research Algorithms'];;;FALSE;FALSE
https://github.com/matteocorti/check_ssl_cert;['check_ssl_cert'];;;FALSE;FALSE
https://github.com/mcanouil/eggla;['eggla: Early Growth Genetics Longitudinal Analysis'];;;FALSE;FALSE
https://github.com/mcmahon-lab/cim-optimizer;['cim-optimizer: a simulator of the Coherent Ising Machine'];;;FALSE;FALSE
https://github.com/medley56/space_packet_parser;['space_packet_parser'];;;FALSE;FALSE
https://github.com/mentat-collective/emmy;['Emmy: Functional Computer Algebra in Clojure'];;;FALSE;FALSE
https://github.com/mexca/mexca;['mexca: Capture emotion expressions from multiple modalities in videos'];;;FALSE;FALSE
https://github.com/mhucka/zowie;['Zowie: write Zotero select links into article attachment files'];;;FALSE;FALSE
https://github.com/MichaelChirico/r-ci-samples;[];;;FALSE;FALSE
https://github.com/microsoft/pybryt;['Pybryt - Python library for pedagogical auto-assessment'];;;FALSE;FALSE
https://github.com/mlhetland/Allocations.jl;['Allocations.jl'];;;FALSE;FALSE
https://github.com/mlr-org/mlr3;[];Q42647325;;FALSE;FALSE
https://github.com/mlr-org/mlr3fda;[];;;FALSE;FALSE
https://github.com/mmcloughlin/addchain;['addchain: Cryptographic Addition Chain Generation in Go'];;;FALSE;FALSE
https://github.com/mne-tools/mne-bids;['MNE-BIDS: Organizing electrophysiological data into the BIDS format and facilitating their analysis'];Q85113448;;FALSE;FALSE
https://github.com/modflowpy/flopy;['Scripting MODFLOW Model Development Using Python and FloPy'];Q35973898;;FALSE;FALSE
https://github.com/MODFLOW-USGS/modflow6;['MODFLOW 6 Modular Hydrologic Model'];;;FALSE;FALSE
https://github.com/monperrus/bibtexbrowser;[];;;FALSE;FALSE
https://github.com/mpi-astronomy/mpia-python-template;['my_package'];;;FALSE;FALSE
https://github.com/mtrcn/georchestrator;[];;;FALSE;FALSE
https://github.com/mzl163/AICITY23_Task4;"['OpenMMLab Detection Toolbox and Benchmark', ""OpenMMLab's Image Classification Toolbox and Benchmark""]";;;FALSE;FALSE
https://github.com/napari/napari-workshop-template;[];;;FALSE;FALSE
https://github.com/NatLibFi/Annif;['Annif'];Q109278915;Q115249730;TRUE;FALSE
https://github.com/neelsoumya/dsSurvival;['dsSurvival: Privacy preserving survival models for federated individual patient meta-analysis in DataSHIELD'];;;FALSE;FALSE
https://github.com/Neos21/linguist-languages;[];;;FALSE;FALSE
https://github.com/networkit/networkit;['NetworKit: A Tool Suite for Large-scale Complex Network Analysis'];;;FALSE;FALSE
https://github.com/NeuroJSON/jbids;[];;;FALSE;FALSE
https://github.com/nfdi4health/ldh;[];;;FALSE;FALSE
https://github.com/nguyenvukhang/dots;[];;;FALSE;FALSE
https://github.com/ni1o1/transbigdata;['TransBigData: A Python package for transportation spatio-temporal big data processing, analysis and visualization'];;;FALSE;FALSE
https://github.com/nialov/nialog;['nialog'];;;FALSE;FALSE
https://github.com/nialov/nialov-py-template;[];;;FALSE;FALSE
https://github.com/NiaOrg/NiaPy;['NiaPy: Python microframework for building nature-inspired algorithms'];Q57823002;;FALSE;FALSE
https://github.com/NickleDave/evfuncs;['evfuncs'];;;FALSE;FALSE
https://github.com/nicolelst/readability-and-success;['Commentary to Gusenbauer and Haddaway 2020: Evaluating retrieval qualities of Google Scholar and PubMed', 'Commentary to Gusenbauer and Haddaway 2020: Evaluating retrieval qualities of Google Scholar and PubMed'];Q100500564;;FALSE;FALSE
https://github.com/Nikhil1912/FindMyRoomie_2.0;['FindMyRoomie2.0'];;;FALSE;FALSE
https://github.com/nileger/iac-analyzers;['Static IaC Analysis – Bridging the Gap between Research and Practice'];;;FALSE;FALSE
https://github.com/nils-wisiol/pypuf;[];;;FALSE;FALSE
https://github.com/NLeSC/guide;['Software Development Guide'];;;FALSE;FALSE
https://github.com/NLeSC/python-template;['Netherlands eScience Center Python Template'];;;FALSE;FALSE
https://github.com/nlesc-recruit/PowerSensor3;['PowerSensor3'];;;FALSE;FALSE
https://github.com/nlohmann/json;['JSON for Modern C++'];;;FALSE;FALSE
https://github.com/nodef/extra-asciinema;[];;;FALSE;FALSE
https://github.com/nodef/extra-bit;['nodef/extra-bit: A collection of common bitwise operations'];;;FALSE;FALSE
https://github.com/nodef/extra-boolean;['nodef/extra-boolean: A collection of common boolean functions'];;;FALSE;FALSE
https://github.com/nodef/extra-build;['nodef/extra-build: Common build tools for extra-* packages'];;;FALSE;FALSE
https://github.com/nodef/extra-path;['nodef/extra-path: Useful additions to inbuilt path module'];;;FALSE;FALSE
https://github.com/NorthernWidget/DS3231;['DS3231'];;;FALSE;FALSE
https://github.com/NU-CEM/ThermoPot;['BaZrS3-thermodynamic-model'];;;FALSE;FALSE
https://github.com/o2r-project/geoextent;['geoextent'];;;FALSE;FALSE
https://github.com/ocbe-uio/PriorElicitation;['A Shiny app for prior elicitation'];;;FALSE;FALSE
https://github.com/oemof/oemof-network;['oemof.network'];;;FALSE;FALSE
https://github.com/oemof/oemof-solph;['oemof.solph'];;;FALSE;FALSE
https://github.com/OnroerendErfgoed/atramhasis;['Atramhasis'];Q119695132;;FALSE;FALSE
https://github.com/OnroerendErfgoed/deelgemeenten;['Onroerend Erfgoed Deelgemeenten'];;;FALSE;FALSE
https://github.com/OnroerendErfgoed/skosprovider;['Skosprovider'];;;FALSE;FALSE
https://github.com/opendp/opendp;['OpenDP Library'];;;FALSE;FALSE
https://github.com/OpenEnergyPlatform/oekg;['Open Energy Knowledge Graph (OEKG)'];;;FALSE;FALSE
https://github.com/OpenEnergyPlatform/ontology;[];;['Q453843'];FALSE;FALSE
https://github.com/OpenEnergyPlatform/open-MaStR;['open-MaStR'];;;FALSE;FALSE
https://github.com/OpenModelica/OpenModelica;['The OpenModelica Integrated Environment for Modeling, Simulation, and Model-Based Development'];;;FALSE;FALSE
https://github.com/openmopac/mopac;['MOPAC'];Q37328051;;FALSE;FALSE
https://github.com/openqasm/oqpy;['OQpy: OpenQASM 3 + OpenPulse in Python'];;;FALSE;FALSE
https://github.com/openskope/skope-api;['Synthesizing Knowledge of Past Environments (SKOPE) Web Application'];;;FALSE;FALSE
https://github.com/Orange-OpenSource/floss-toolbox;['floss-toolbox: A toolbox for open sources men and women  helping to dive into repositories and manage organizations'];;;FALSE;FALSE
https://github.com/OSGeo/gdal;['GDAL'];;['Q580605', 'Q107380759'];FALSE;FALSE
https://github.com/OSGeo/grass-promo;[];;;FALSE;FALSE
https://github.com/OSGeo/PROJ;['PROJ'];;;FALSE;FALSE
https://github.com/Ouranosinc/xclim;['xclim: xarray-based climate data analytics'];;;FALSE;FALSE
https://github.com/ourresearch/citeas-api;[];;;FALSE;FALSE
https://github.com/pace-neutrons/libpymcr;['libpymcr'];;;FALSE;FALSE
https://github.com/pace-neutrons/pace-developers;[];;;FALSE;FALSE
https://github.com/pace-neutrons/pace-python;['pace_neutrons'];;;FALSE;FALSE
https://github.com/pakages/zlib;[];;;FALSE;FALSE
https://github.com/pantor/ruckig;['Jerk-limited Real-time Trajectory Generation with Arbitrary Target States'];;;FALSE;FALSE
https://github.com/PawnHubChess/client-web;['Once a pawn a time... web-client'];;;FALSE;FALSE
https://github.com/PecanProject/pecan;['Facilitating feedbacks between field measurements and ecosystem models'];Q62557151;;FALSE;FALSE
https://github.com/PennLINC/xcp_d;['XCP-D : A Robust Postprocessing Pipeline of fMRI data'];;;FALSE;FALSE
https://github.com/PeriHPX/PeriHPX;['PeriHPX: Coupling with PUM and dissipative fracture'];;;FALSE;FALSE
https://github.com/pik-piam/citation;['citation: Software Citation Tools'];;['Q1403556', 'Q60565843'];FALSE;FALSE
https://github.com/pik-piam/madrat;['madrat: May All Data be Reproducible and Transparent (MADRaT) *'];;;FALSE;FALSE
https://github.com/pik-piam/mrcommons;['mrcommons: MadRat commons Input Data Library'];;;FALSE;FALSE
https://github.com/pik-piam/mrremind;['mrremind: MadRat REMIND Input Data Package'];;;FALSE;FALSE
https://github.com/pik-piam/mrwaterplots;['mrwaterplots: plotting library for mrwater outputs'];;;FALSE;FALSE
https://github.com/PINTO0309/onnx2tf;['Tools to convert ONNX files (NCHW) to TensorFlow format (NHWC)'];;;FALSE;FALSE
https://github.com/PlasmaPy/PlasmaPy;['PlasmaPy'];;;FALSE;FALSE
https://github.com/precice/fenics-adapter;['FEniCS-preCICE: Coupling FEniCS to other Simulation Software'];;;FALSE;FALSE
https://github.com/proycon/codemeta-harvester;[];;;FALSE;FALSE
https://github.com/psyplot/psy-simple;['The psyplot interactive visualization framework'];Q113308240;;FALSE;FALSE
https://github.com/publiccodenet/blog;[];;;FALSE;FALSE
https://github.com/pybamm-team/PyBaMM;['Python Battery Mathematical Modelling (PyBaMM)'];Q111935968;;FALSE;FALSE
https://github.com/pypest/pyemu;['A python framework for environmental model uncertainty analysis'];;;FALSE;FALSE
https://github.com/pypi-diff/20230411;[];;;FALSE;FALSE
https://github.com/pypi-diff/20230419;[];;;FALSE;FALSE
https://github.com/pypi-diff/20230526;[];;;FALSE;FALSE
https://github.com/PyPSA/pypsa-eur;['PyPSA-Eur: An open sector-coupled optimisation model of the European energy system'];;;FALSE;FALSE
https://github.com/pytorch/pytorch;['PyTorch: An Imperative Style, High-Performance Deep Learning Library'];Q76472044;Q47509047;TRUE;TRUE
https://github.com/qgeissmann/OpenCFU;[];Q21090811;Q120219929;TRUE;TRUE
https://github.com/Quetzal-1-CubeSat-Team/quetzal1-telemetry;['Quetzal-1 Telemetry'];;;FALSE;FALSE
https://github.com/RaoUmer/SRResCGAN;['SRResCGAN'];;;FALSE;FALSE
https://github.com/rasundsbak/zoterokurs;[];;;FALSE;FALSE
https://github.com/rcapell/HYPEtools;['HYPEtools: Tools for Processing and Analyzing Files from the Hydrological Catchment Model HYPE'];;;FALSE;FALSE
https://github.com/rcpch/epilepsy12-documentation;[];;;FALSE;FALSE
https://github.com/redcode/Z80;['Z80'];;['Q65067192'];FALSE;FALSE
https://github.com/remindmodel/remind;['REMIND - REgional Model of INvestments and Development'];;['Q7311805', 'Q70059010', 'Q70059014', 'Q7311809'];FALSE;FALSE
https://github.com/research-software-directory/research-software-directory;['Research Software Directory'];;;FALSE;FALSE
https://github.com/research-software-directory/RSD-as-a-service;['Research Software Directory (as a service)'];;;FALSE;FALSE
https://github.com/rickhelmus/patRoon;['patRoon: open source software platform for environmental mass spectrometry based non-target screening'];Q105264612;;FALSE;FALSE
https://github.com/rl-institut/super-repo;['Super Repo'];;;FALSE;FALSE
https://github.com/rmnldwg/lymph;['lymph-model'];;;FALSE;FALSE
https://github.com/Roger-luo/Ion;[];;;FALSE;FALSE
https://github.com/rokaskasperavicius/math-project;['seiz-model'];;;FALSE;FALSE
https://github.com/ropensci/cffr;['cffr: Generate Citation File Format Metadata for R Packages'];Q111972181;;FALSE;FALSE
https://github.com/rsdoiel/rsdoiel.github.io;[];;;FALSE;FALSE
https://github.com/rsdoiel/stngo;['stn'];;;FALSE;FALSE
https://github.com/rseng/software;['rseng/software: Research Software Encyclopedia Database Release v1.0.0'];;;FALSE;FALSE
https://github.com/rseng/stories-we-tell-ourselves;[];;;FALSE;FALSE
https://github.com/rseng/web;[];;['Q466', 'Q1141484', 'Q497230', 'Q6368', 'Q11288', 'Q193424', 'Q189210'];FALSE;FALSE
https://github.com/rse-ops/opensource-heartbeat;[];;;FALSE;FALSE
https://github.com/r-spatial/rgee;"[""rgee: R Bindings for Calling the 'Earth Engine' API""]";Q99876079;;FALSE;FALSE
https://github.com/rstudio/rmarkdown;['rmarkdown: Dynamic Documents for R'];;;FALSE;FALSE
https://github.com/rudeboybert/forestecology;['The forestecology R package for fitting and assessing neighborhood models of the effect of interspecific competition on the growth of trees'];Q112841459;;FALSE;FALSE
https://github.com/r-universe-org/build-source;[];;;FALSE;FALSE
https://github.com/samanemami/TFBoostedTree;[];;;FALSE;FALSE
https://github.com/sappelhoff/eeg_positions;['eeg_positions -- compute and plot standard EEG electrode positions.'];;;FALSE;FALSE
https://github.com/scholarly-python-package/scholarly;['scholarly'];;;FALSE;FALSE
https://github.com/scikit-hep/scikit-hep.github.io;[];;;FALSE;FALSE
https://github.com/scikit-hep/vector;['vector'];;['Q47004029', 'Q28453152', 'Q7917796', 'Q22713102', 'Q1155404'];FALSE;FALSE
https://github.com/scioip34/ABM;['A novel vision-based mechanistic model to study social information use in collective foraging'];;;FALSE;FALSE
https://github.com/SciTools/nc-time-axis;['nc-time-axis'];;;FALSE;FALSE
https://github.com/scottransom/presto;['New search techniques for binary pulsars'];;;FALSE;FALSE
https://github.com/sdat2/sithom;"[""Sithom's Scientific Python Utilities Package""]";;;FALSE;FALSE
https://github.com/SDCCA/quafing;['quafing - Questionaire Analysis Using Fisher Information Non-Parametric Embedding'];;;FALSE;FALSE
https://github.com/sdruskat/pepperModules-ToolboxTextModules;['ToolboxTextModules'];;;FALSE;FALSE
https://github.com/se4sci/data-collection;[];;[];FALSE;FALSE
https://github.com/seanpm2001/DeGoogle-your-life-Full-catalogue;['This is Sean P. Myricks listing of DeGoogle article projects in a readable form. You can cite this repository if you want to cite the catalog itself, but you need to navigate to the citable DeGoogle projects in order to cite them individually or in bulk.'];;;FALSE;FALSE
https://github.com/seanpm2001/GitHub_Forklist;['Seanpm2001 GitHub forklist is a database repository that contains archived records of Seans Git forks while using GitHub.'];;;FALSE;FALSE
https://github.com/seanpm2001/GitHub_Starlist;['Seanpm2001 GitHub starlist is a database repository that contains archived records of Seans stars (equivalent to likes/favorites) while using GitHub.'];;;FALSE;FALSE
https://github.com/SecureSECO/FAIRSECO;['FAIRSECO', 'Parcels', 'My Research Software', 'My Research Software', 'My Research Software', 'My Research Software', 'My Research Software', 'My Research Software', 'My Research Software'];;[];FALSE;FALSE
https://github.com/seek4science/seek;['Book Title'];;['Q109525067'];FALSE;FALSE
https://github.com/sequgen/sequgen;['sequgen'];;;FALSE;FALSE
https://github.com/setu1421/CSC-791;['Automated SE'];;[];FALSE;FALSE
https://github.com/setu1421/ICSE-2023-Artifacts;['A StackExchange Dataset of Developer Questions  Related to Checked-in Secrets in Software Artifacts'];;;FALSE;FALSE
https://github.com/seung-lab/kimimaro;['Kimimaro: Skeletonize densely labeled 3D image segmentations'];;;FALSE;FALSE
https://github.com/SimaoBolota-MetaCell/CZI-Issue-29;['CZI-Issue-29'];;;FALSE;FALSE
https://github.com/simonecantori/Supervised-learning-of-quantum-circuits;['Supervised learning of quantum circuits'];;;FALSE;FALSE
https://github.com/simoninireland/simplicial;['simplicial: Simplicial topology in Python'];;[];FALSE;FALSE
https://github.com/simplify23/TPS_PP;['OpenMMLab Text Detection, Recognition and Understanding Toolbox'];;;FALSE;FALSE
https://github.com/SMTG-UCL/galore;['Galore'];Q60338377;;FALSE;FALSE
https://github.com/SN-18/ASE-group-8;['ASE_HW1'];;;FALSE;FALSE
https://github.com/snape/RVO2-Java;['Optimal Reciprocal Collision Avoidance for Java'];;;FALSE;FALSE
https://github.com/snowex-hackweek/website;['SnowEx Hackweek JupyterBook Tutorials'];;['Q1460295', 'Q2553583'];FALSE;FALSE
https://github.com/sodascience/osmenrich;['Enrich sf Data with Geographic Features from OpenStreetMaps'];;;FALSE;FALSE
https://github.com/softwaresaved/ga_group_stats;[];;;FALSE;FALSE
https://github.com/sorairolake/sysexits-rs;['sysexits-rs'];;;FALSE;FALSE
https://github.com/spack/packages.spack.io;[];;;FALSE;FALSE
https://github.com/spack/spack;['The Spack Package Manager: Bringing Order to HPC Software Chaos'];;[];FALSE;FALSE
https://github.com/specifysystems/lmpy;['Specify Systems Lifemapper Python Library (lmpy)'];;;FALSE;FALSE
https://github.com/sphinx-contrib/eval;['sphinxcontrib-eval: Evaluate shell command or python code in sphinx and myst'];;[];FALSE;FALSE
https://github.com/sphuber/aiida-shell;['aiida-shell'];;;FALSE;FALSE
https://github.com/sporbarhet/ParentageAnalysisOH.NET;['ParentageAnalysisOH.NET'];;;FALSE;FALSE
https://github.com/SS47816/lidar_obstacle_detector;['Lidar obstacle detector'];;;FALSE;FALSE
https://github.com/stan-dev/posteriordb;['posteriordb: a set of posteriors for Bayesian inference and probabilistic programming'];;;FALSE;FALSE
https://github.com/stellaGK/stella;['stella'];;;FALSE;FALSE
https://github.com/STEllAR-GROUP/hpx;['STEllAR-GROUP/hpx: HPX V1.9.0: The C++ Standards Library for Parallelism and Concurrency'];Q113307529;Q28974929;TRUE;TRUE
https://github.com/SticsRPacks/CroptimizR;['CroptimizR: A Package to Estimate Parameters of Crop Models'];;;FALSE;FALSE
https://github.com/sugatoray/genespeak;['GeneSpeak - A library to encode text as DNA and decode DNA to text'];;;FALSE;FALSE
https://github.com/sunil-2000/pixel-GIFfusion;[];;;FALSE;FALSE
https://github.com/swsoyee/2019-ncov-japan;['“Japan LIVE Dashboard” for COVID-19: A Scalable Solution to Monitor Real-Time and Regional-Level Epidemic Case Data'];;;FALSE;FALSE
https://github.com/syedhamidali/PyScanCf;['PyScanCf – The library for single sweep datasets of IMD weather radars'];;;FALSE;FALSE
https://github.com/sylvaticus/SPMLJ;['Introduction to Scientific Programming and Machine Learning with Julia (SPMLJ)'];;;FALSE;FALSE
https://github.com/SyneRBI/SIRF;[];Q107737733;;FALSE;FALSE
https://github.com/tahaluindo/docsgithub;[];;;FALSE;FALSE
https://github.com/tardis-sn/tardis;['tardis-sn/tardis: TARDIS v2023.07.23'];;['Q29043590'];FALSE;FALSE
https://github.com/tecnd/adwinGUI;['adwinGUI'];;;FALSE;FALSE
https://github.com/teknologi-pendidikan/pameran-karya;['Pameran Karya Teknologi Pendidikan UM 2023'];;;FALSE;FALSE
https://github.com/teuben/nemo;[];;;FALSE;FALSE
https://github.com/The-Academic-Observatory/zenodo-test;['OAeBU Workflows'];;;FALSE;FALSE
https://github.com/thomas-leduc/t4gpd;['t4gpd'];;;FALSE;FALSE
https://github.com/TICCLAT/ticclat;['TICCLAT'];;;FALSE;FALSE
https://github.com/ticosx/NlohmannJson;[];;;FALSE;FALSE
https://github.com/timyers/r-learning-resources-for-genomics;[];;;FALSE;FALSE
https://github.com/TissueImageAnalytics/tiatoolbox;['TIAToolbox as an end-to-end library for advanced tissue image analytics'];;;FALSE;FALSE
https://github.com/tknrsgym/quara;['Quara: An Open-source Software for Quantum Characterization'];;;FALSE;FALSE
https://github.com/TomKellyGenetics/graphsim;['graphsim: An R package for simulating gene expression data from graph structures of biological pathways'];Q113307600;;FALSE;FALSE
https://github.com/TommyZihao/MMOCR_tutorials;[];;;FALSE;FALSE
https://github.com/TommyZihao/MMPose_Tutorials;[];;;FALSE;FALSE
https://github.com/TommyZihao/MMTracking_Tutorials;[];;;FALSE;FALSE
https://github.com/Trombach/spheres;['spheres'];;['Q7576690'];FALSE;FALSE
https://github.com/tweepy/tweepy;['Tweepy'];;;FALSE;FALSE
https://github.com/twinl/location;['location'];;[];FALSE;FALSE
https://github.com/twosixlabs/armory;['armory'];;;FALSE;FALSE
https://github.com/uace-azmet/azmetr;['azmetr: Access Arizona weather data from the AZMet API'];;;FALSE;FALSE
https://github.com/ucbds-infra/otter-grader;['Otter-Grader: A Python and R autograding solution'];;;FALSE;FALSE
https://github.com/uicids560/Efficient-Deep-Training;[];;;FALSE;FALSE
https://github.com/Unidata/science-gateway;['Unidata Science Gateway'];;[];FALSE;FALSE
https://github.com/UniMath/agda-unimath;['The agda-unimath library'];;;FALSE;FALSE
https://github.com/UPPMAX/programming_formalisms_intro;[];;;FALSE;FALSE
https://github.com/uptonking/note4yaoo;[];;;FALSE;FALSE
https://github.com/USRSE/blog;[];;;FALSE;FALSE
https://github.com/vanheeringen-lab/gimmemotifs;['GimmeMotifs: an analysis framework for transcription factor motif analysis'];Q33748357;;FALSE;FALSE
https://github.com/vertesy/CodeAndRoll2;[];;;FALSE;FALSE
https://github.com/vertesy/ggExpress;['vertesy/ggExpress - the fastest way to create, annotate and and save plots in R.'];;;FALSE;FALSE
https://github.com/very-good-science/data-hazards;['Data Hazards'];;;FALSE;FALSE
https://github.com/viblo/pymunk;['Pymunk'];;;FALSE;FALSE
https://github.com/VIRUSGAMING64/Telegram-bot;[];;;FALSE;FALSE
https://github.com/vitessce/vitessce;['Vitessce: a framework for integrative visualization of multi-modal and spatially-resolved single-cell data'];;;FALSE;FALSE
https://github.com/vmagnin/gtk-fortran;['gtk-fortran: a GTK+ binding to build Graphical User Interfaces in Fortran'];Q113307979;;FALSE;FALSE
https://github.com/votca/votca;['Excited-state electronic structure of molecules using many-body Green’s  functions: Quasiparticles and electron–hole excitations with VOTCA-XTP\n'];;;FALSE;FALSE
https://github.com/vsoch/opensource-heartbeat;[];;;FALSE;FALSE
https://github.com/wadpac/GGIR;[];Q114980189;;FALSE;FALSE
https://github.com/wakatime/repl-python-wakatime;['repl-python-wakatime: Python REPL plugin for automatic time tracking and metrics generated from your programming activity'];;;FALSE;FALSE
https://github.com/wargrey/digimon;[];;;FALSE;FALSE
https://github.com/Warwick-Stats-Resources/R-training;[];;;FALSE;FALSE
https://github.com/watchexec/clearscreen;['ClearScreen: a library to clear terminal screens and a research dataset on screen clearing behaviour in terminal emulators'];;;FALSE;FALSE
https://github.com/watchexec/watchexec;['Watchexec: a tool to react to filesystem changes, and a crate ecosystem to power it'];;;FALSE;FALSE
https://github.com/wenwenyu/TCM;['OpenMMLab Text Detection, Recognition and Understanding Toolbox'];;['Q116547490'];FALSE;FALSE
https://github.com/woosungH/semi_woosung;[];;;FALSE;FALSE
https://github.com/w-sugar/DTC_AICITY2022;"['OpenMMLab Detection Toolbox and Benchmark', ""OpenMMLab's Image Classification Toolbox and Benchmark""]";;;FALSE;FALSE
https://github.com/xarray-contrib/cf-xarray;['cf_xarray'];;;FALSE;FALSE
https://github.com/xhluca/dl-translate;['DL Translate: A deep learning-based translation library built on Huggingface transformers'];;;FALSE;FALSE
https://github.com/YannickJadoul/Parselmouth;['Introducing Parselmouth: A Python interface to Praat'];Q113269882;;FALSE;FALSE
https://github.com/ymd-h/cpprb;['cpprb'];;;FALSE;FALSE
https://github.com/yoyololicon/eva;['EVA: The Extreme Vocals Archive Dataset'];;;FALSE;FALSE
https://github.com/zenodo/zenodo;[];;;FALSE;FALSE
https://github.com/zenodraft/action;['Zenodraft GitHub Action', 'testing dates'];;;FALSE;FALSE
https://github.com/zenodraft/zenodraft;['zenodraft'];;;FALSE;FALSE
https://github.com/zeroknowledgediscovery/cognet;['cognet'];;[];FALSE;FALSE
https://github.com/Zettlr/Zettlr;['Zettlr'];;;FALSE;FALSE
https://github.com/zpqqq10/surviveCS;[];;;FALSE;FALSE
;;;;;
;;;;;
;;;;;
;;;;;
;;;;;
;;;;;
;;;;;
;;;;;
;;;;;
;;;;;
;;;;;
;;;;;
;;;;;
;;;;;
;;;;;
;;;;;
;;;;;
;;;;;
;;;;;
;;;;;
;;;;;
;;;;;
;;;;;
;;;;;
;;;;;
;;;;;
;;;;;
;;;;;
;;;;;
;;;;;
;;;;;
;;;;;
;;;;;
;;;;;
;;;;;
;;;;;
;;;;;
;;;;;
;;;;;
;;;;;
;;;;;
;;;;;
;;;;;
;;;;;
;;;;;
;;;;;
;;;;;
;;;;;
;;;;;
;;;;;
;;;;;
;;;;;
;;;;;
;;;;;
;;;;;
;;;;;
;;;;;
;;;;;
;;;;;
;;;;;
;;;;;
;;;;;
;;;;;
;;;;;
;;;;;
;;;;;
;;;;;
;;;;;
;;;;;
;;;;;
;;;;;
;;;;;
;;;;;
;;;;;
;;;;;
;;;;;
;;;;;
;;;;;
;;;;;
;;;;;
;;;;;
;;;;;
;;;;;
;;;;;
;;;;;
;;;;;
;;;;;
;;;;;
;;;;;
;;;;;
;;;;;
;;;;;
;;;;;
;;;;;
;;;;;
;;;;;
;;;;;
;;;;;
;;;;;
;TRUE;;;;
;TRUE;;;;
;TRUE;;;;
;TRUE;;;;
;TRUE;;;;
;TRUE;;;;
;TRUE;;;;
;TRUE;;;;
;TRUE;;;;
;TRUE;;;;
;TRUE;;;;
;TRUE;;;;
;TRUE;;;;
